image_name,probability,label,heatmap_file
0_0.jpg,0.999006,GON+,0_0_gradcam.png
100_0.jpg,0.999797,GON+,100_0_gradcam.png
100_1.jpg,0.998187,GON+,100_1_gradcam.png
100_2.jpg,0.97769,GON+,100_2_gradcam.png
100_3.jpg,0.993772,GON+,100_3_gradcam.png
100_4.jpg,0.978565,GON+,100_4_gradcam.png
100_5.jpg,0.97929,GON+,100_5_gradcam.png
100_6.jpg,0.998161,GON+,100_6_gradcam.png
100_7.jpg,0.927845,GON+,100_7_gradcam.png
100_8.jpg,0.989551,GON+,100_8_gradcam.png
100_9.jpg,0.971568,GON+,100_9_gradcam.png
101_0.jpg,0.994237,GON+,101_0_gradcam.png
102_0.jpg,0.97749,GON+,102_0_gradcam.png
102_1.jpg,0.937306,GON+,102_1_gradcam.png
103_0.jpg,0.98136,GON+,103_0_gradcam.png
103_1.jpg,0.977478,GON+,103_1_gradcam.png
104_0.jpg,0.971373,GON+,104_0_gradcam.png
104_1.jpg,0.995806,GON+,104_1_gradcam.png
104_2.jpg,0.995636,GON+,104_2_gradcam.png
104_3.jpg,0.988365,GON+,104_3_gradcam.png
104_4.jpg,0.998167,GON+,104_4_gradcam.png
104_5.jpg,0.98109,GON+,104_5_gradcam.png
104_6.jpg,0.993485,GON+,104_6_gradcam.png
105_0.jpg,0.993399,GON+,105_0_gradcam.png
105_1.jpg,0.998814,GON+,105_1_gradcam.png
106_0.jpg,0.993967,GON+,106_0_gradcam.png
107_0.jpg,0.997291,GON+,107_0_gradcam.png
107_1.jpg,0.992834,GON+,107_1_gradcam.png
107_2.jpg,0.999758,GON+,107_2_gradcam.png
108_0.jpg,0.9974,GON+,108_0_gradcam.png
108_1.jpg,0.218947,GON-,108_1_gradcam.png
108_2.jpg,0.194374,GON-,108_2_gradcam.png
108_3.jpg,0.993552,GON+,108_3_gradcam.png
108_4.jpg,0.216845,GON-,108_4_gradcam.png
109_0.jpg,0.981416,GON+,109_0_gradcam.png
109_1.jpg,0.992879,GON+,109_1_gradcam.png
109_2.jpg,0.996817,GON+,109_2_gradcam.png
109_3.jpg,0.318788,GON-,109_3_gradcam.png
109_4.jpg,0.291211,GON-,109_4_gradcam.png
10_0.jpg,0.203997,GON-,10_0_gradcam.png
10_1.jpg,0.125151,GON-,10_1_gradcam.png
10_2.jpg,0.995179,GON+,10_2_gradcam.png
110_0.jpg,0.984877,GON+,110_0_gradcam.png
110_1.jpg,0.218759,GON-,110_1_gradcam.png
110_2.jpg,0.144836,GON-,110_2_gradcam.png
111_0.jpg,0.985107,GON+,111_0_gradcam.png
112_0.jpg,0.986382,GON+,112_0_gradcam.png
112_1.jpg,0.97015,GON+,112_1_gradcam.png
112_2.jpg,0.975603,GON+,112_2_gradcam.png
113_0.jpg,0.997859,GON+,113_0_gradcam.png
114_0.jpg,0.994692,GON+,114_0_gradcam.png
114_1.jpg,0.988938,GON+,114_1_gradcam.png
114_2.jpg,0.91818,GON+,114_2_gradcam.png
115_0.jpg,0.855511,GON+,115_0_gradcam.png
115_1.jpg,0.957168,GON+,115_1_gradcam.png
116_0.jpg,0.112341,GON-,116_0_gradcam.png
116_1.jpg,0.992857,GON+,116_1_gradcam.png
117_0.jpg,0.994714,GON+,117_0_gradcam.png
118_0.jpg,0.981307,GON+,118_0_gradcam.png
118_1.jpg,0.978892,GON+,118_1_gradcam.png
119_0.jpg,0.999886,GON+,119_0_gradcam.png
119_1.jpg,0.998897,GON+,119_1_gradcam.png
11_0.jpg,0.956286,GON+,11_0_gradcam.png
120_0.jpg,0.991198,GON+,120_0_gradcam.png
120_1.jpg,0.998571,GON+,120_1_gradcam.png
121_0.jpg,0.988852,GON+,121_0_gradcam.png
121_1.jpg,0.987101,GON+,121_1_gradcam.png
121_2.jpg,0.981901,GON+,121_2_gradcam.png
122_0.jpg,0.999187,GON+,122_0_gradcam.png
122_1.jpg,0.996736,GON+,122_1_gradcam.png
123_0.jpg,0.986786,GON+,123_0_gradcam.png
123_1.jpg,0.988776,GON+,123_1_gradcam.png
123_2.jpg,0.942903,GON+,123_2_gradcam.png
124_0.jpg,0.956716,GON+,124_0_gradcam.png
125_0.jpg,0.993716,GON+,125_0_gradcam.png
126_0.jpg,0.984877,GON+,126_0_gradcam.png
126_1.jpg,0.992273,GON+,126_1_gradcam.png
127_0.jpg,0.932146,GON+,127_0_gradcam.png
128_0.jpg,0.10924,GON-,128_0_gradcam.png
129_0.jpg,0.999745,GON+,129_0_gradcam.png
129_1.jpg,0.994075,GON+,129_1_gradcam.png
129_2.jpg,0.998582,GON+,129_2_gradcam.png
12_0.jpg,0.997586,GON+,12_0_gradcam.png
12_1.jpg,0.996378,GON+,12_1_gradcam.png
12_2.jpg,0.99937,GON+,12_2_gradcam.png
12_3.jpg,0.999874,GON+,12_3_gradcam.png
12_4.jpg,0.999689,GON+,12_4_gradcam.png
130_0.jpg,0.993722,GON+,130_0_gradcam.png
131_0.jpg,0.999918,GON+,131_0_gradcam.png
132_0.jpg,0.976753,GON+,132_0_gradcam.png
132_1.jpg,0.999792,GON+,132_1_gradcam.png
133_0.jpg,0.999518,GON+,133_0_gradcam.png
134_0.jpg,0.989843,GON+,134_0_gradcam.png
134_1.jpg,0.998096,GON+,134_1_gradcam.png
135_0.jpg,0.998047,GON+,135_0_gradcam.png
135_1.jpg,0.956501,GON+,135_1_gradcam.png
135_2.jpg,0.98489,GON+,135_2_gradcam.png
135_3.jpg,0.992912,GON+,135_3_gradcam.png
135_4.jpg,0.993135,GON+,135_4_gradcam.png
136_0.jpg,0.999915,GON+,136_0_gradcam.png
136_1.jpg,0.999221,GON+,136_1_gradcam.png
137_0.jpg,0.996753,GON+,137_0_gradcam.png
138_0.jpg,0.996864,GON+,138_0_gradcam.png
138_1.jpg,0.996025,GON+,138_1_gradcam.png
138_2.jpg,0.999486,GON+,138_2_gradcam.png
139_0.jpg,0.996798,GON+,139_0_gradcam.png
139_1.jpg,0.998924,GON+,139_1_gradcam.png
139_2.jpg,0.999315,GON+,139_2_gradcam.png
13_0.jpg,0.996041,GON+,13_0_gradcam.png
13_1.jpg,0.99589,GON+,13_1_gradcam.png
140_0.jpg,0.976103,GON+,140_0_gradcam.png
140_1.jpg,0.992421,GON+,140_1_gradcam.png
140_2.jpg,0.998554,GON+,140_2_gradcam.png
141_0.jpg,0.966595,GON+,141_0_gradcam.png
141_1.jpg,0.967914,GON+,141_1_gradcam.png
141_2.jpg,0.295666,GON-,141_2_gradcam.png
141_3.jpg,0.274355,GON-,141_3_gradcam.png
141_4.jpg,0.994946,GON+,141_4_gradcam.png
141_5.jpg,0.995185,GON+,141_5_gradcam.png
141_6.jpg,0.994315,GON+,141_6_gradcam.png
142_0.jpg,0.995069,GON+,142_0_gradcam.png
143_0.jpg,0.996524,GON+,143_0_gradcam.png
143_1.jpg,0.987388,GON+,143_1_gradcam.png
143_2.jpg,0.254759,GON-,143_2_gradcam.png
143_3.jpg,0.078456,GON-,143_3_gradcam.png
143_4.jpg,0.991915,GON+,143_4_gradcam.png
144_0.jpg,0.975342,GON+,144_0_gradcam.png
144_1.jpg,0.958031,GON+,144_1_gradcam.png
144_2.jpg,0.999728,GON+,144_2_gradcam.png
144_3.jpg,0.997335,GON+,144_3_gradcam.png
145_0.jpg,0.991042,GON+,145_0_gradcam.png
145_1.jpg,0.987626,GON+,145_1_gradcam.png
145_2.jpg,0.897648,GON+,145_2_gradcam.png
146_0.jpg,0.972395,GON+,146_0_gradcam.png
147_0.jpg,0.999664,GON+,147_0_gradcam.png
147_1.jpg,0.998755,GON+,147_1_gradcam.png
148_0.jpg,0.939291,GON+,148_0_gradcam.png
148_1.jpg,0.939291,GON+,148_1_gradcam.png
148_2.jpg,0.996326,GON+,148_2_gradcam.png
148_3.jpg,0.991874,GON+,148_3_gradcam.png
149_0.jpg,0.984202,GON+,149_0_gradcam.png
14_0.jpg,0.246468,GON-,14_0_gradcam.png
14_1.jpg,0.443829,GON-,14_1_gradcam.png
150_0.jpg,0.995828,GON+,150_0_gradcam.png
150_1.jpg,0.998791,GON+,150_1_gradcam.png
150_10.jpg,0.997203,GON+,150_10_gradcam.png
150_11.jpg,0.998354,GON+,150_11_gradcam.png
150_12.jpg,0.995115,GON+,150_12_gradcam.png
150_13.jpg,0.997439,GON+,150_13_gradcam.png
150_2.jpg,0.992931,GON+,150_2_gradcam.png
150_3.jpg,0.991998,GON+,150_3_gradcam.png
150_4.jpg,0.998412,GON+,150_4_gradcam.png
150_5.jpg,0.995442,GON+,150_5_gradcam.png
150_6.jpg,0.999582,GON+,150_6_gradcam.png
150_7.jpg,0.979551,GON+,150_7_gradcam.png
150_8.jpg,0.996394,GON+,150_8_gradcam.png
150_9.jpg,0.995246,GON+,150_9_gradcam.png
151_0.jpg,0.999453,GON+,151_0_gradcam.png
151_1.jpg,0.992053,GON+,151_1_gradcam.png
151_2.jpg,0.976194,GON+,151_2_gradcam.png
151_3.jpg,0.987587,GON+,151_3_gradcam.png
151_4.jpg,0.997703,GON+,151_4_gradcam.png
152_0.jpg,0.997551,GON+,152_0_gradcam.png
153_0.jpg,0.929099,GON+,153_0_gradcam.png
153_1.jpg,0.862692,GON+,153_1_gradcam.png
153_2.jpg,0.985897,GON+,153_2_gradcam.png
153_3.jpg,0.830991,GON+,153_3_gradcam.png
154_0.jpg,0.207087,GON-,154_0_gradcam.png
154_1.jpg,0.150147,GON-,154_1_gradcam.png
154_2.jpg,0.987052,GON+,154_2_gradcam.png
154_3.jpg,0.996929,GON+,154_3_gradcam.png
154_4.jpg,0.97837,GON+,154_4_gradcam.png
154_5.jpg,0.960768,GON+,154_5_gradcam.png
155_0.jpg,0.976068,GON+,155_0_gradcam.png
155_1.jpg,0.996834,GON+,155_1_gradcam.png
155_2.jpg,0.976362,GON+,155_2_gradcam.png
155_3.jpg,0.997111,GON+,155_3_gradcam.png
156_0.jpg,0.971905,GON+,156_0_gradcam.png
157_0.jpg,0.995706,GON+,157_0_gradcam.png
157_1.jpg,0.994137,GON+,157_1_gradcam.png
157_2.jpg,0.992176,GON+,157_2_gradcam.png
157_3.jpg,0.999939,GON+,157_3_gradcam.png
158_0.jpg,0.994832,GON+,158_0_gradcam.png
158_1.jpg,0.999525,GON+,158_1_gradcam.png
159_0.jpg,0.987267,GON+,159_0_gradcam.png
159_1.jpg,0.222047,GON-,159_1_gradcam.png
15_0.jpg,0.997343,GON+,15_0_gradcam.png
160_0.jpg,0.993167,GON+,160_0_gradcam.png
160_1.jpg,0.997677,GON+,160_1_gradcam.png
161_0.jpg,0.976916,GON+,161_0_gradcam.png
162_0.jpg,0.992056,GON+,162_0_gradcam.png
162_1.jpg,0.999252,GON+,162_1_gradcam.png
163_0.jpg,0.991149,GON+,163_0_gradcam.png
163_1.jpg,0.997686,GON+,163_1_gradcam.png
163_2.jpg,0.992521,GON+,163_2_gradcam.png
163_3.jpg,0.998482,GON+,163_3_gradcam.png
163_4.jpg,0.994839,GON+,163_4_gradcam.png
164_0.jpg,0.994988,GON+,164_0_gradcam.png
164_1.jpg,0.99267,GON+,164_1_gradcam.png
164_2.jpg,0.999806,GON+,164_2_gradcam.png
164_3.jpg,0.999365,GON+,164_3_gradcam.png
165_0.jpg,0.995496,GON+,165_0_gradcam.png
165_1.jpg,0.999411,GON+,165_1_gradcam.png
165_2.jpg,0.993479,GON+,165_2_gradcam.png
166_0.jpg,0.988095,GON+,166_0_gradcam.png
166_1.jpg,0.929013,GON+,166_1_gradcam.png
166_2.jpg,0.918657,GON+,166_2_gradcam.png
167_0.jpg,0.963093,GON+,167_0_gradcam.png
167_1.jpg,0.999947,GON+,167_1_gradcam.png
168_0.jpg,0.945528,GON+,168_0_gradcam.png
168_1.jpg,0.280213,GON-,168_1_gradcam.png
168_2.jpg,0.210807,GON-,168_2_gradcam.png
169_0.jpg,0.995728,GON+,169_0_gradcam.png
169_1.jpg,0.996447,GON+,169_1_gradcam.png
169_2.jpg,0.990977,GON+,169_2_gradcam.png
169_3.jpg,0.997568,GON+,169_3_gradcam.png
16_0.jpg,0.98316,GON+,16_0_gradcam.png
16_1.jpg,0.970157,GON+,16_1_gradcam.png
16_2.jpg,0.998162,GON+,16_2_gradcam.png
16_3.jpg,0.997643,GON+,16_3_gradcam.png
16_4.jpg,0.996564,GON+,16_4_gradcam.png
170_0.jpg,0.975199,GON+,170_0_gradcam.png
170_1.jpg,0.932635,GON+,170_1_gradcam.png
170_2.jpg,0.95573,GON+,170_2_gradcam.png
170_3.jpg,0.957219,GON+,170_3_gradcam.png
170_4.jpg,0.165375,GON-,170_4_gradcam.png
170_5.jpg,0.228263,GON-,170_5_gradcam.png
171_0.jpg,0.998318,GON+,171_0_gradcam.png
172_0.jpg,0.993082,GON+,172_0_gradcam.png
172_1.jpg,0.996551,GON+,172_1_gradcam.png
172_2.jpg,0.943931,GON+,172_2_gradcam.png
172_3.jpg,0.985297,GON+,172_3_gradcam.png
173_0.jpg,0.996906,GON+,173_0_gradcam.png
174_0.jpg,0.997592,GON+,174_0_gradcam.png
175_0.jpg,0.995766,GON+,175_0_gradcam.png
175_1.jpg,0.998423,GON+,175_1_gradcam.png
176_0.jpg,0.981473,GON+,176_0_gradcam.png
176_1.jpg,0.996875,GON+,176_1_gradcam.png
176_2.jpg,0.996108,GON+,176_2_gradcam.png
177_0.jpg,0.996599,GON+,177_0_gradcam.png
177_1.jpg,0.996365,GON+,177_1_gradcam.png
177_2.jpg,0.989469,GON+,177_2_gradcam.png
178_0.jpg,0.997903,GON+,178_0_gradcam.png
179_0.jpg,0.985383,GON+,179_0_gradcam.png
179_1.jpg,0.993596,GON+,179_1_gradcam.png
179_2.jpg,0.99914,GON+,179_2_gradcam.png
17_0.jpg,0.952803,GON+,17_0_gradcam.png
17_1.jpg,0.983026,GON+,17_1_gradcam.png
17_2.jpg,0.994454,GON+,17_2_gradcam.png
17_3.jpg,0.998928,GON+,17_3_gradcam.png
17_4.jpg,0.993299,GON+,17_4_gradcam.png
17_5.jpg,0.994177,GON+,17_5_gradcam.png
180_0.jpg,0.987824,GON+,180_0_gradcam.png
180_1.jpg,0.998213,GON+,180_1_gradcam.png
180_2.jpg,0.992313,GON+,180_2_gradcam.png
180_3.jpg,0.995729,GON+,180_3_gradcam.png
180_4.jpg,0.981039,GON+,180_4_gradcam.png
180_5.jpg,0.997421,GON+,180_5_gradcam.png
181_0.jpg,0.988994,GON+,181_0_gradcam.png
181_1.jpg,0.996667,GON+,181_1_gradcam.png
183_0.jpg,0.997219,GON+,183_0_gradcam.png
183_1.jpg,0.996189,GON+,183_1_gradcam.png
183_2.jpg,0.990482,GON+,183_2_gradcam.png
183_3.jpg,0.982711,GON+,183_3_gradcam.png
183_4.jpg,0.998126,GON+,183_4_gradcam.png
183_5.jpg,0.999863,GON+,183_5_gradcam.png
183_6.jpg,0.99569,GON+,183_6_gradcam.png
183_7.jpg,0.999627,GON+,183_7_gradcam.png
184_0.jpg,0.999284,GON+,184_0_gradcam.png
184_1.jpg,0.997988,GON+,184_1_gradcam.png
185_0.jpg,0.980327,GON+,185_0_gradcam.png
185_1.jpg,0.995706,GON+,185_1_gradcam.png
185_2.jpg,0.994339,GON+,185_2_gradcam.png
186_0.jpg,0.994007,GON+,186_0_gradcam.png
186_1.jpg,0.99271,GON+,186_1_gradcam.png
186_2.jpg,0.999869,GON+,186_2_gradcam.png
187_0.jpg,0.109683,GON-,187_0_gradcam.png
188_0.jpg,0.155874,GON-,188_0_gradcam.png
188_1.jpg,0.079183,GON-,188_1_gradcam.png
189_0.jpg,0.115094,GON-,189_0_gradcam.png
189_1.jpg,0.18076,GON-,189_1_gradcam.png
189_2.jpg,0.193931,GON-,189_2_gradcam.png
18_0.jpg,0.985161,GON+,18_0_gradcam.png
18_1.jpg,0.997096,GON+,18_1_gradcam.png
18_2.jpg,0.99803,GON+,18_2_gradcam.png
18_3.jpg,0.998783,GON+,18_3_gradcam.png
18_4.jpg,0.986276,GON+,18_4_gradcam.png
190_0.jpg,0.048029,GON-,190_0_gradcam.png
191_0.jpg,0.216687,GON-,191_0_gradcam.png
191_1.jpg,0.198823,GON-,191_1_gradcam.png
192_0.jpg,0.251516,GON-,192_0_gradcam.png
192_1.jpg,0.058471,GON-,192_1_gradcam.png
193_0.jpg,0.183361,GON-,193_0_gradcam.png
193_1.jpg,0.106658,GON-,193_1_gradcam.png
194_0.jpg,0.979738,GON+,194_0_gradcam.png
194_1.jpg,0.078437,GON-,194_1_gradcam.png
195_0.jpg,0.880813,GON+,195_0_gradcam.png
195_1.jpg,0.962544,GON+,195_1_gradcam.png
195_2.jpg,0.097259,GON-,195_2_gradcam.png
196_0.jpg,0.170096,GON-,196_0_gradcam.png
197_0.jpg,0.109683,GON-,197_0_gradcam.png
198_0.jpg,0.061166,GON-,198_0_gradcam.png
199_0.jpg,0.126219,GON-,199_0_gradcam.png
199_1.jpg,0.180889,GON-,199_1_gradcam.png
19_0.jpg,0.97626,GON+,19_0_gradcam.png
1_0.jpg,0.996329,GON+,1_0_gradcam.png
1_1.jpg,0.998307,GON+,1_1_gradcam.png
200_0.jpg,0.08562,GON-,200_0_gradcam.png
200_1.jpg,0.216565,GON-,200_1_gradcam.png
200_2.jpg,0.207928,GON-,200_2_gradcam.png
200_3.jpg,0.084573,GON-,200_3_gradcam.png
201_0.jpg,0.216055,GON-,201_0_gradcam.png
201_1.jpg,0.215128,GON-,201_1_gradcam.png
202_0.jpg,0.167552,GON-,202_0_gradcam.png
202_1.jpg,0.176235,GON-,202_1_gradcam.png
203_0.jpg,0.084395,GON-,203_0_gradcam.png
203_1.jpg,0.071088,GON-,203_1_gradcam.png
204_0.jpg,0.058923,GON-,204_0_gradcam.png
204_1.jpg,0.082449,GON-,204_1_gradcam.png
205_0.jpg,0.037475,GON-,205_0_gradcam.png
205_1.jpg,0.072404,GON-,205_1_gradcam.png
206_0.jpg,0.224179,GON-,206_0_gradcam.png
207_0.jpg,0.211077,GON-,207_0_gradcam.png
207_1.jpg,0.066317,GON-,207_1_gradcam.png
207_2.jpg,0.110926,GON-,207_2_gradcam.png
208_0.jpg,0.036832,GON-,208_0_gradcam.png
208_1.jpg,0.174405,GON-,208_1_gradcam.png
209_0.jpg,0.139849,GON-,209_0_gradcam.png
20_0.jpg,0.997598,GON+,20_0_gradcam.png
20_1.jpg,0.995276,GON+,20_1_gradcam.png
210_0.jpg,0.400066,GON-,210_0_gradcam.png
211_0.jpg,0.172152,GON-,211_0_gradcam.png
211_1.jpg,0.172291,GON-,211_1_gradcam.png
211_2.jpg,0.057616,GON-,211_2_gradcam.png
212_0.jpg,0.120026,GON-,212_0_gradcam.png
213_0.jpg,0.119901,GON-,213_0_gradcam.png
214_0.jpg,0.137035,GON-,214_0_gradcam.png
214_1.jpg,0.132702,GON-,214_1_gradcam.png
214_2.jpg,0.137351,GON-,214_2_gradcam.png
214_3.jpg,0.119662,GON-,214_3_gradcam.png
215_0.jpg,0.179729,GON-,215_0_gradcam.png
215_1.jpg,0.09792,GON-,215_1_gradcam.png
215_2.jpg,0.142368,GON-,215_2_gradcam.png
215_3.jpg,0.182876,GON-,215_3_gradcam.png
216_0.jpg,0.137047,GON-,216_0_gradcam.png
217_0.jpg,0.07949,GON-,217_0_gradcam.png
218_0.jpg,0.239343,GON-,218_0_gradcam.png
219_0.jpg,0.054339,GON-,219_0_gradcam.png
219_1.jpg,0.171221,GON-,219_1_gradcam.png
219_2.jpg,0.058553,GON-,219_2_gradcam.png
21_0.jpg,0.987089,GON+,21_0_gradcam.png
21_1.jpg,0.984891,GON+,21_1_gradcam.png
220_0.jpg,0.068612,GON-,220_0_gradcam.png
220_1.jpg,0.137303,GON-,220_1_gradcam.png
221_0.jpg,0.191909,GON-,221_0_gradcam.png
222_0.jpg,0.114232,GON-,222_0_gradcam.png
222_1.jpg,0.235887,GON-,222_1_gradcam.png
223_0.jpg,0.156192,GON-,223_0_gradcam.png
223_1.jpg,0.151565,GON-,223_1_gradcam.png
223_2.jpg,0.191141,GON-,223_2_gradcam.png
224_0.jpg,0.139099,GON-,224_0_gradcam.png
224_1.jpg,0.079762,GON-,224_1_gradcam.png
224_2.jpg,0.124679,GON-,224_2_gradcam.png
224_3.jpg,0.136975,GON-,224_3_gradcam.png
225_0.jpg,0.087757,GON-,225_0_gradcam.png
225_1.jpg,0.08541,GON-,225_1_gradcam.png
226_0.jpg,0.174703,GON-,226_0_gradcam.png
226_1.jpg,0.154822,GON-,226_1_gradcam.png
227_0.jpg,0.121064,GON-,227_0_gradcam.png
227_1.jpg,0.15747,GON-,227_1_gradcam.png
227_2.jpg,0.12887,GON-,227_2_gradcam.png
227_3.jpg,0.052351,GON-,227_3_gradcam.png
227_4.jpg,0.066881,GON-,227_4_gradcam.png
228_0.jpg,0.175341,GON-,228_0_gradcam.png
229_0.jpg,0.234402,GON-,229_0_gradcam.png
229_1.jpg,0.095797,GON-,229_1_gradcam.png
22_0.jpg,0.114491,GON-,22_0_gradcam.png
22_1.jpg,0.053329,GON-,22_1_gradcam.png
230_0.jpg,0.150361,GON-,230_0_gradcam.png
230_1.jpg,0.082563,GON-,230_1_gradcam.png
231_0.jpg,0.100654,GON-,231_0_gradcam.png
231_1.jpg,0.097311,GON-,231_1_gradcam.png
232_0.jpg,0.148058,GON-,232_0_gradcam.png
233_0.jpg,0.167275,GON-,233_0_gradcam.png
234_0.jpg,0.128941,GON-,234_0_gradcam.png
234_1.jpg,0.140363,GON-,234_1_gradcam.png
235_0.jpg,0.152093,GON-,235_0_gradcam.png
236_0.jpg,0.191314,GON-,236_0_gradcam.png
237_0.jpg,0.145698,GON-,237_0_gradcam.png
237_1.jpg,0.188992,GON-,237_1_gradcam.png
238_0.jpg,0.128186,GON-,238_0_gradcam.png
238_1.jpg,0.070693,GON-,238_1_gradcam.png
239_0.jpg,0.194003,GON-,239_0_gradcam.png
239_1.jpg,0.129671,GON-,239_1_gradcam.png
23_0.jpg,0.956113,GON+,23_0_gradcam.png
23_1.jpg,0.973752,GON+,23_1_gradcam.png
240_0.jpg,0.159474,GON-,240_0_gradcam.png
240_1.jpg,0.111032,GON-,240_1_gradcam.png
240_2.jpg,0.103978,GON-,240_2_gradcam.png
241_0.jpg,0.22094,GON-,241_0_gradcam.png
241_1.jpg,0.167141,GON-,241_1_gradcam.png
241_2.jpg,0.161376,GON-,241_2_gradcam.png
242_0.jpg,0.145193,GON-,242_0_gradcam.png
243_0.jpg,0.156742,GON-,243_0_gradcam.png
243_1.jpg,0.111654,GON-,243_1_gradcam.png
244_0.jpg,0.152932,GON-,244_0_gradcam.png
244_1.jpg,0.151376,GON-,244_1_gradcam.png
245_0.jpg,0.098511,GON-,245_0_gradcam.png
245_1.jpg,0.17418,GON-,245_1_gradcam.png
245_2.jpg,0.167129,GON-,245_2_gradcam.png
246_0.jpg,0.190326,GON-,246_0_gradcam.png
247_0.jpg,0.138092,GON-,247_0_gradcam.png
247_1.jpg,0.139863,GON-,247_1_gradcam.png
248_0.jpg,0.070639,GON-,248_0_gradcam.png
249_0.jpg,0.078513,GON-,249_0_gradcam.png
249_1.jpg,0.106032,GON-,249_1_gradcam.png
249_2.jpg,0.064074,GON-,249_2_gradcam.png
249_3.jpg,0.10764,GON-,249_3_gradcam.png
24_0.jpg,0.989844,GON+,24_0_gradcam.png
250_0.jpg,0.083991,GON-,250_0_gradcam.png
250_1.jpg,0.109608,GON-,250_1_gradcam.png
251_0.jpg,0.089774,GON-,251_0_gradcam.png
252_0.jpg,0.222434,GON-,252_0_gradcam.png
252_1.jpg,0.249068,GON-,252_1_gradcam.png
253_0.jpg,0.160801,GON-,253_0_gradcam.png
253_1.jpg,0.148976,GON-,253_1_gradcam.png
253_2.jpg,0.17051,GON-,253_2_gradcam.png
254_0.jpg,0.109301,GON-,254_0_gradcam.png
255_0.jpg,0.068482,GON-,255_0_gradcam.png
255_1.jpg,0.083707,GON-,255_1_gradcam.png
255_2.jpg,0.189298,GON-,255_2_gradcam.png
256_0.jpg,0.065503,GON-,256_0_gradcam.png
256_1.jpg,0.120731,GON-,256_1_gradcam.png
257_0.jpg,0.194003,GON-,257_0_gradcam.png
257_1.jpg,0.176,GON-,257_1_gradcam.png
258_0.jpg,0.112942,GON-,258_0_gradcam.png
258_1.jpg,0.142104,GON-,258_1_gradcam.png
259_0.jpg,0.075996,GON-,259_0_gradcam.png
259_1.jpg,0.126172,GON-,259_1_gradcam.png
259_2.jpg,0.1627,GON-,259_2_gradcam.png
259_3.jpg,0.047503,GON-,259_3_gradcam.png
259_4.jpg,0.064563,GON-,259_4_gradcam.png
259_5.jpg,0.019332,GON-,259_5_gradcam.png
25_0.jpg,0.994987,GON+,25_0_gradcam.png
25_1.jpg,0.99142,GON+,25_1_gradcam.png
260_0.jpg,0.042318,GON-,260_0_gradcam.png
261_0.jpg,0.063274,GON-,261_0_gradcam.png
261_1.jpg,0.014661,GON-,261_1_gradcam.png
262_0.jpg,0.215669,GON-,262_0_gradcam.png
263_0.jpg,0.082248,GON-,263_0_gradcam.png
264_0.jpg,0.132217,GON-,264_0_gradcam.png
265_0.jpg,0.10452,GON-,265_0_gradcam.png
265_1.jpg,0.099849,GON-,265_1_gradcam.png
266_0.jpg,0.186646,GON-,266_0_gradcam.png
267_0.jpg,0.128309,GON-,267_0_gradcam.png
268_0.jpg,0.136486,GON-,268_0_gradcam.png
269_0.jpg,0.179136,GON-,269_0_gradcam.png
269_1.jpg,0.151804,GON-,269_1_gradcam.png
26_0.jpg,0.995969,GON+,26_0_gradcam.png
26_1.jpg,0.998172,GON+,26_1_gradcam.png
270_0.jpg,0.19982,GON-,270_0_gradcam.png
270_1.jpg,0.219024,GON-,270_1_gradcam.png
271_0.jpg,0.121731,GON-,271_0_gradcam.png
272_0.jpg,0.03324,GON-,272_0_gradcam.png
272_1.jpg,0.074719,GON-,272_1_gradcam.png
273_0.jpg,0.069782,GON-,273_0_gradcam.png
274_0.jpg,0.157737,GON-,274_0_gradcam.png
275_0.jpg,0.138831,GON-,275_0_gradcam.png
275_1.jpg,0.106331,GON-,275_1_gradcam.png
275_2.jpg,0.088867,GON-,275_2_gradcam.png
276_0.jpg,0.065244,GON-,276_0_gradcam.png
276_1.jpg,0.066879,GON-,276_1_gradcam.png
276_2.jpg,0.085723,GON-,276_2_gradcam.png
277_0.jpg,0.061294,GON-,277_0_gradcam.png
277_1.jpg,0.115719,GON-,277_1_gradcam.png
277_2.jpg,0.090573,GON-,277_2_gradcam.png
278_0.jpg,0.095304,GON-,278_0_gradcam.png
278_1.jpg,0.096029,GON-,278_1_gradcam.png
279_0.jpg,0.06997,GON-,279_0_gradcam.png
279_1.jpg,0.132512,GON-,279_1_gradcam.png
27_0.jpg,0.979283,GON+,27_0_gradcam.png
27_1.jpg,0.97391,GON+,27_1_gradcam.png
280_0.jpg,0.145926,GON-,280_0_gradcam.png
280_1.jpg,0.224145,GON-,280_1_gradcam.png
281_0.jpg,0.205994,GON-,281_0_gradcam.png
281_1.jpg,0.102112,GON-,281_1_gradcam.png
282_0.jpg,0.211619,GON-,282_0_gradcam.png
282_1.jpg,0.17068,GON-,282_1_gradcam.png
283_0.jpg,0.149905,GON-,283_0_gradcam.png
283_1.jpg,0.086885,GON-,283_1_gradcam.png
284_0.jpg,0.075773,GON-,284_0_gradcam.png
284_1.jpg,0.068626,GON-,284_1_gradcam.png
285_0.jpg,0.089623,GON-,285_0_gradcam.png
286_0.jpg,0.111025,GON-,286_0_gradcam.png
286_1.jpg,0.125503,GON-,286_1_gradcam.png
287_0.jpg,0.089035,GON-,287_0_gradcam.png
287_1.jpg,0.164975,GON-,287_1_gradcam.png
288_0.jpg,0.169679,GON-,288_0_gradcam.png
28_0.jpg,0.990049,GON+,28_0_gradcam.png
28_1.jpg,0.971318,GON+,28_1_gradcam.png
28_2.jpg,0.996534,GON+,28_2_gradcam.png
28_3.jpg,0.989995,GON+,28_3_gradcam.png
29_0.jpg,0.986031,GON+,29_0_gradcam.png
29_1.jpg,0.998967,GON+,29_1_gradcam.png
29_2.jpg,0.992209,GON+,29_2_gradcam.png
2_0.jpg,0.984203,GON+,2_0_gradcam.png
2_1.jpg,0.995483,GON+,2_1_gradcam.png
30_0.jpg,0.999837,GON+,30_0_gradcam.png
31_0.jpg,0.992023,GON+,31_0_gradcam.png
31_1.jpg,0.998552,GON+,31_1_gradcam.png
31_2.jpg,0.999965,GON+,31_2_gradcam.png
31_3.jpg,0.93307,GON+,31_3_gradcam.png
31_4.jpg,0.926857,GON+,31_4_gradcam.png
31_5.jpg,0.087746,GON-,31_5_gradcam.png
31_6.jpg,0.996603,GON+,31_6_gradcam.png
32_0.jpg,0.131194,GON-,32_0_gradcam.png
32_1.jpg,0.964707,GON+,32_1_gradcam.png
32_2.jpg,0.970664,GON+,32_2_gradcam.png
33_0.jpg,0.985506,GON+,33_0_gradcam.png
33_1.jpg,0.99935,GON+,33_1_gradcam.png
34_0.jpg,0.990228,GON+,34_0_gradcam.png
34_1.jpg,0.983837,GON+,34_1_gradcam.png
34_2.jpg,0.150183,GON-,34_2_gradcam.png
34_3.jpg,0.995053,GON+,34_3_gradcam.png
35_0.jpg,0.940703,GON+,35_0_gradcam.png
35_1.jpg,0.960796,GON+,35_1_gradcam.png
36_0.jpg,0.978898,GON+,36_0_gradcam.png
36_1.jpg,0.967284,GON+,36_1_gradcam.png
36_10.jpg,0.994069,GON+,36_10_gradcam.png
36_11.jpg,0.999815,GON+,36_11_gradcam.png
36_2.jpg,0.996096,GON+,36_2_gradcam.png
36_3.jpg,0.999245,GON+,36_3_gradcam.png
36_4.jpg,0.989482,GON+,36_4_gradcam.png
36_5.jpg,0.993209,GON+,36_5_gradcam.png
36_6.jpg,0.998389,GON+,36_6_gradcam.png
36_7.jpg,0.996868,GON+,36_7_gradcam.png
36_8.jpg,0.972477,GON+,36_8_gradcam.png
36_9.jpg,0.999378,GON+,36_9_gradcam.png
37_0.jpg,0.998137,GON+,37_0_gradcam.png
38_0.jpg,0.996021,GON+,38_0_gradcam.png
39_0.jpg,0.974927,GON+,39_0_gradcam.png
39_1.jpg,0.974334,GON+,39_1_gradcam.png
39_2.jpg,0.9698,GON+,39_2_gradcam.png
39_3.jpg,0.941599,GON+,39_3_gradcam.png
3_0.jpg,0.992016,GON+,3_0_gradcam.png
3_1.jpg,0.983173,GON+,3_1_gradcam.png
40_0.jpg,0.984641,GON+,40_0_gradcam.png
40_1.jpg,0.999866,GON+,40_1_gradcam.png
41_0.jpg,0.993912,GON+,41_0_gradcam.png
42_0.jpg,0.987816,GON+,42_0_gradcam.png
42_1.jpg,0.98353,GON+,42_1_gradcam.png
42_2.jpg,0.992229,GON+,42_2_gradcam.png
42_3.jpg,0.985322,GON+,42_3_gradcam.png
43_0.jpg,0.890502,GON+,43_0_gradcam.png
43_1.jpg,0.998055,GON+,43_1_gradcam.png
43_2.jpg,0.990493,GON+,43_2_gradcam.png
43_3.jpg,0.999599,GON+,43_3_gradcam.png
44_0.jpg,0.954795,GON+,44_0_gradcam.png
44_1.jpg,0.963509,GON+,44_1_gradcam.png
44_2.jpg,0.985913,GON+,44_2_gradcam.png
44_3.jpg,0.99403,GON+,44_3_gradcam.png
44_4.jpg,0.999966,GON+,44_4_gradcam.png
44_5.jpg,0.997676,GON+,44_5_gradcam.png
44_6.jpg,0.998558,GON+,44_6_gradcam.png
45_0.jpg,0.998348,GON+,45_0_gradcam.png
46_0.jpg,0.972866,GON+,46_0_gradcam.png
46_1.jpg,0.965049,GON+,46_1_gradcam.png
47_0.jpg,0.997315,GON+,47_0_gradcam.png
47_1.jpg,0.994861,GON+,47_1_gradcam.png
47_2.jpg,0.982198,GON+,47_2_gradcam.png
47_3.jpg,0.996317,GON+,47_3_gradcam.png
47_4.jpg,0.998813,GON+,47_4_gradcam.png
47_5.jpg,0.996772,GON+,47_5_gradcam.png
47_6.jpg,0.977001,GON+,47_6_gradcam.png
47_7.jpg,0.980526,GON+,47_7_gradcam.png
48_0.jpg,0.999975,GON+,48_0_gradcam.png
49_0.jpg,0.989655,GON+,49_0_gradcam.png
49_1.jpg,0.989939,GON+,49_1_gradcam.png
4_0.jpg,0.995155,GON+,4_0_gradcam.png
50_0.jpg,0.086845,GON-,50_0_gradcam.png
50_1.jpg,0.99593,GON+,50_1_gradcam.png
50_2.jpg,0.99185,GON+,50_2_gradcam.png
51_0.jpg,0.994491,GON+,51_0_gradcam.png
52_0.jpg,0.988029,GON+,52_0_gradcam.png
52_1.jpg,0.998286,GON+,52_1_gradcam.png
53_0.jpg,0.998961,GON+,53_0_gradcam.png
53_1.jpg,0.095782,GON-,53_1_gradcam.png
53_2.jpg,0.971535,GON+,53_2_gradcam.png
53_3.jpg,0.989563,GON+,53_3_gradcam.png
53_4.jpg,0.987417,GON+,53_4_gradcam.png
54_0.jpg,0.989785,GON+,54_0_gradcam.png
54_1.jpg,0.996667,GON+,54_1_gradcam.png
54_2.jpg,0.989555,GON+,54_2_gradcam.png
54_3.jpg,0.998776,GON+,54_3_gradcam.png
55_0.jpg,0.864789,GON+,55_0_gradcam.png
55_1.jpg,0.884362,GON+,55_1_gradcam.png
55_2.jpg,0.976996,GON+,55_2_gradcam.png
55_3.jpg,0.988068,GON+,55_3_gradcam.png
55_4.jpg,0.911205,GON+,55_4_gradcam.png
56_0.jpg,0.99515,GON+,56_0_gradcam.png
56_1.jpg,0.99515,GON+,56_1_gradcam.png
56_2.jpg,0.957521,GON+,56_2_gradcam.png
56_3.jpg,0.99374,GON+,56_3_gradcam.png
57_0.jpg,0.999036,GON+,57_0_gradcam.png
57_1.jpg,0.999586,GON+,57_1_gradcam.png
57_2.jpg,0.998487,GON+,57_2_gradcam.png
58_0.jpg,0.99602,GON+,58_0_gradcam.png
58_1.jpg,0.997224,GON+,58_1_gradcam.png
58_2.jpg,0.979942,GON+,58_2_gradcam.png
59_0.jpg,0.998248,GON+,59_0_gradcam.png
59_1.jpg,0.998815,GON+,59_1_gradcam.png
5_0.jpg,0.998167,GON+,5_0_gradcam.png
5_1.jpg,0.995079,GON+,5_1_gradcam.png
60_0.jpg,0.999954,GON+,60_0_gradcam.png
61_0.jpg,0.980199,GON+,61_0_gradcam.png
61_1.jpg,0.975012,GON+,61_1_gradcam.png
61_2.jpg,0.969417,GON+,61_2_gradcam.png
61_3.jpg,0.997118,GON+,61_3_gradcam.png
61_4.jpg,0.996208,GON+,61_4_gradcam.png
62_0.jpg,0.977857,GON+,62_0_gradcam.png
62_1.jpg,0.995005,GON+,62_1_gradcam.png
62_2.jpg,0.997111,GON+,62_2_gradcam.png
62_3.jpg,0.982396,GON+,62_3_gradcam.png
62_4.jpg,0.974917,GON+,62_4_gradcam.png
62_5.jpg,0.998473,GON+,62_5_gradcam.png
63_0.jpg,0.999378,GON+,63_0_gradcam.png
63_1.jpg,0.995585,GON+,63_1_gradcam.png
63_2.jpg,0.952196,GON+,63_2_gradcam.png
63_3.jpg,0.988769,GON+,63_3_gradcam.png
63_4.jpg,0.994637,GON+,63_4_gradcam.png
63_5.jpg,0.991291,GON+,63_5_gradcam.png
63_6.jpg,0.994272,GON+,63_6_gradcam.png
64_0.jpg,0.999458,GON+,64_0_gradcam.png
64_1.jpg,0.991739,GON+,64_1_gradcam.png
64_2.jpg,0.175816,GON-,64_2_gradcam.png
64_3.jpg,0.229082,GON-,64_3_gradcam.png
64_4.jpg,0.971751,GON+,64_4_gradcam.png
65_0.jpg,0.961834,GON+,65_0_gradcam.png
65_1.jpg,0.990087,GON+,65_1_gradcam.png
65_2.jpg,0.995525,GON+,65_2_gradcam.png
65_3.jpg,0.996873,GON+,65_3_gradcam.png
65_4.jpg,0.960042,GON+,65_4_gradcam.png
65_5.jpg,0.984877,GON+,65_5_gradcam.png
65_6.jpg,0.993948,GON+,65_6_gradcam.png
65_7.jpg,0.992008,GON+,65_7_gradcam.png
66_0.jpg,0.98562,GON+,66_0_gradcam.png
66_1.jpg,0.997901,GON+,66_1_gradcam.png
66_2.jpg,0.995511,GON+,66_2_gradcam.png
66_3.jpg,0.991219,GON+,66_3_gradcam.png
66_4.jpg,0.995908,GON+,66_4_gradcam.png
66_5.jpg,0.989563,GON+,66_5_gradcam.png
67_0.jpg,0.999854,GON+,67_0_gradcam.png
68_0.jpg,0.988222,GON+,68_0_gradcam.png
68_1.jpg,0.98093,GON+,68_1_gradcam.png
69_0.jpg,0.999856,GON+,69_0_gradcam.png
69_1.jpg,0.99917,GON+,69_1_gradcam.png
6_0.jpg,0.99483,GON+,6_0_gradcam.png
6_1.jpg,0.99848,GON+,6_1_gradcam.png
70_0.jpg,0.950448,GON+,70_0_gradcam.png
70_1.jpg,0.999577,GON+,70_1_gradcam.png
70_2.jpg,0.986073,GON+,70_2_gradcam.png
71_0.jpg,0.972379,GON+,71_0_gradcam.png
71_1.jpg,0.991276,GON+,71_1_gradcam.png
72_0.jpg,0.999878,GON+,72_0_gradcam.png
72_1.jpg,0.999841,GON+,72_1_gradcam.png
72_2.jpg,0.995449,GON+,72_2_gradcam.png
72_3.jpg,0.999314,GON+,72_3_gradcam.png
73_0.jpg,0.99795,GON+,73_0_gradcam.png
73_1.jpg,0.994576,GON+,73_1_gradcam.png
73_2.jpg,0.997022,GON+,73_2_gradcam.png
73_3.jpg,0.987419,GON+,73_3_gradcam.png
74_0.jpg,0.999867,GON+,74_0_gradcam.png
74_1.jpg,0.984182,GON+,74_1_gradcam.png
75_0.jpg,0.980948,GON+,75_0_gradcam.png
75_1.jpg,0.981379,GON+,75_1_gradcam.png
75_2.jpg,0.991928,GON+,75_2_gradcam.png
76_0.jpg,0.983082,GON+,76_0_gradcam.png
76_1.jpg,0.985609,GON+,76_1_gradcam.png
77_0.jpg,0.995988,GON+,77_0_gradcam.png
77_1.jpg,0.998316,GON+,77_1_gradcam.png
77_2.jpg,0.996881,GON+,77_2_gradcam.png
77_3.jpg,0.999466,GON+,77_3_gradcam.png
78_0.jpg,0.991904,GON+,78_0_gradcam.png
78_1.jpg,0.992516,GON+,78_1_gradcam.png
79_0.jpg,0.99213,GON+,79_0_gradcam.png
79_1.jpg,0.996102,GON+,79_1_gradcam.png
7_0.jpg,0.994216,GON+,7_0_gradcam.png
80_0.jpg,0.997829,GON+,80_0_gradcam.png
80_1.jpg,0.974971,GON+,80_1_gradcam.png
80_2.jpg,0.976421,GON+,80_2_gradcam.png
81_0.jpg,0.144836,GON-,81_0_gradcam.png
81_1.jpg,0.218759,GON-,81_1_gradcam.png
81_2.jpg,0.992313,GON+,81_2_gradcam.png
82_0.jpg,0.996045,GON+,82_0_gradcam.png
82_1.jpg,0.987087,GON+,82_1_gradcam.png
83_0.jpg,0.993057,GON+,83_0_gradcam.png
83_1.jpg,0.99954,GON+,83_1_gradcam.png
84_0.jpg,0.981412,GON+,84_0_gradcam.png
84_1.jpg,0.995335,GON+,84_1_gradcam.png
85_0.jpg,0.996477,GON+,85_0_gradcam.png
86_0.jpg,0.958639,GON+,86_0_gradcam.png
86_1.jpg,0.958639,GON+,86_1_gradcam.png
87_0.jpg,0.982822,GON+,87_0_gradcam.png
87_1.jpg,0.984079,GON+,87_1_gradcam.png
87_2.jpg,0.987037,GON+,87_2_gradcam.png
87_3.jpg,0.986726,GON+,87_3_gradcam.png
87_4.jpg,0.998402,GON+,87_4_gradcam.png
87_5.jpg,0.92273,GON+,87_5_gradcam.png
87_6.jpg,0.944086,GON+,87_6_gradcam.png
88_0.jpg,0.970714,GON+,88_0_gradcam.png
89_0.jpg,0.994081,GON+,89_0_gradcam.png
8_0.jpg,0.999487,GON+,8_0_gradcam.png
8_1.jpg,0.99081,GON+,8_1_gradcam.png
8_2.jpg,0.210523,GON-,8_2_gradcam.png
8_3.jpg,0.998076,GON+,8_3_gradcam.png
90_0.jpg,0.991391,GON+,90_0_gradcam.png
91_0.jpg,0.98361,GON+,91_0_gradcam.png
91_1.jpg,0.978874,GON+,91_1_gradcam.png
91_2.jpg,0.105582,GON-,91_2_gradcam.png
91_3.jpg,0.117123,GON-,91_3_gradcam.png
91_4.jpg,0.994911,GON+,91_4_gradcam.png
91_5.jpg,0.990126,GON+,91_5_gradcam.png
91_6.jpg,0.980173,GON+,91_6_gradcam.png
91_7.jpg,0.984211,GON+,91_7_gradcam.png
92_0.jpg,0.977326,GON+,92_0_gradcam.png
92_1.jpg,0.997488,GON+,92_1_gradcam.png
93_0.jpg,0.98397,GON+,93_0_gradcam.png
93_1.jpg,0.990495,GON+,93_1_gradcam.png
94_0.jpg,0.984868,GON+,94_0_gradcam.png
94_1.jpg,0.984868,GON+,94_1_gradcam.png
94_2.jpg,0.978942,GON+,94_2_gradcam.png
94_3.jpg,0.976743,GON+,94_3_gradcam.png
95_0.jpg,0.770242,GON+,95_0_gradcam.png
95_1.jpg,0.32203,GON-,95_1_gradcam.png
96_0.jpg,0.979607,GON+,96_0_gradcam.png
96_1.jpg,0.919289,GON+,96_1_gradcam.png
96_2.jpg,0.911999,GON+,96_2_gradcam.png
97_0.jpg,0.999707,GON+,97_0_gradcam.png
98_0.jpg,0.977948,GON+,98_0_gradcam.png
99_0.jpg,0.992618,GON+,99_0_gradcam.png
99_1.jpg,0.999914,GON+,99_1_gradcam.png
99_2.jpg,0.975901,GON+,99_2_gradcam.png
99_3.jpg,0.958586,GON+,99_3_gradcam.png
99_4.jpg,0.995771,GON+,99_4_gradcam.png
99_5.jpg,0.998153,GON+,99_5_gradcam.png
9_0.jpg,0.999835,GON+,9_0_gradcam.png
9_1.jpg,0.991647,GON+,9_1_gradcam.png
